,URL
0,https://www.goodreads.com/book/show/2767052-the-hunger-games
1,https://www.goodreads.com/book/show/2.Harry_Potter_and_the_Order_of_the_Phoenix
2,https://www.goodreads.com/book/show/2657.To_Kill_a_Mockingbird
3,https://www.goodreads.com/book/show/1885.Pride_and_Prejudice
4,https://www.goodreads.com/book/show/41865.Twilight
5,https://www.goodreads.com/book/show/19063.The_Book_Thief
6,https://www.goodreads.com/book/show/170448.Animal_Farm
7,https://www.goodreads.com/book/show/11127.The_Chronicles_of_Narnia
8,https://www.goodreads.com/book/show/30.J_R_R_Tolkien_4_Book_Boxed_Set
9,https://www.goodreads.com/book/show/18405.Gone_with_the_Wind
10,https://www.goodreads.com/book/show/11870085-the-fault-in-our-stars
11,https://www.goodreads.com/book/show/386162.The_Hitchhiker_s_Guide_to_the_Galaxy
12,https://www.goodreads.com/book/show/370493.The_Giving_Tree
13,https://www.goodreads.com/book/show/6185.Wuthering_Heights
14,https://www.goodreads.com/book/show/968.The_Da_Vinci_Code
15,https://www.goodreads.com/book/show/929.Memoirs_of_a_Geisha
16,https://www.goodreads.com/book/show/5297.The_Picture_of_Dorian_Gray
17,https://www.goodreads.com/book/show/24213.Alice_s_Adventures_in_Wonderland_Through_the_Looking_Glass
18,https://www.goodreads.com/book/show/10210.Jane_Eyre
19,https://www.goodreads.com/book/show/24280.Les_Mis_rables
20,https://www.goodreads.com/book/show/13335037-divergent
21,https://www.goodreads.com/book/show/13079982-fahrenheit-451
22,https://www.goodreads.com/book/show/18135.Romeo_and_Juliet
23,https://www.goodreads.com/book/show/7624.Lord_of_the_Flies
24,https://www.goodreads.com/book/show/18144590-the-alchemist
25,https://www.goodreads.com/book/show/7144.Crime_and_Punishment
26,https://www.goodreads.com/book/show/22628.The_Perks_of_Being_a_Wallflower
27,https://www.goodreads.com/book/show/4671.The_Great_Gatsby
28,https://www.goodreads.com/book/show/375802.Ender_s_Game
29,https://www.goodreads.com/book/show/256683.City_of_Bones
30,https://www.goodreads.com/book/show/4667024-the-help
31,https://www.goodreads.com/book/show/8127.Anne_of_Green_Gables
32,https://www.goodreads.com/book/show/24178.Charlotte_s_Web
33,https://www.goodreads.com/book/show/157993.The_Little_Prince
34,https://www.goodreads.com/book/show/18619684-the-time-traveler-s-wife
35,https://www.goodreads.com/book/show/890.Of_Mice_and_Men
36,https://www.goodreads.com/book/show/3.Harry_Potter_and_the_Sorcerer_s_Stone
37,https://www.goodreads.com/book/show/17245.Dracula
38,https://www.goodreads.com/book/show/5129.Brave_New_World
39,https://www.goodreads.com/book/show/320.One_Hundred_Years_of_Solitude
40,https://www.goodreads.com/book/show/21787.The_Princess_Bride
41,https://www.goodreads.com/book/show/5107.The_Catcher_in_the_Rye
42,https://www.goodreads.com/book/show/2998.The_Secret_Garden
43,https://www.goodreads.com/book/show/128029.A_Thousand_Splendid_Suns
44,https://www.goodreads.com/book/show/28187.The_Lightning_Thief
45,https://www.goodreads.com/book/show/33574273-a-wrinkle-in-time
46,https://www.goodreads.com/book/show/13496.A_Game_of_Thrones
47,https://www.goodreads.com/book/show/2956.The_Adventures_of_Huckleberry_Finn
48,https://www.goodreads.com/book/show/12232938-the-lovely-bones
49,https://www.goodreads.com/book/show/231804.The_Outsiders
50,https://www.goodreads.com/book/show/19543.Where_the_Wild_Things_Are
51,https://www.goodreads.com/book/show/23772.Green_Eggs_and_Ham
52,https://www.goodreads.com/book/show/1381.The_Odyssey
53,https://www.goodreads.com/book/show/4214.Life_of_Pi
54,https://www.goodreads.com/book/show/1953.A_Tale_of_Two_Cities
55,https://www.goodreads.com/book/show/43641.Water_for_Elephants
56,https://www.goodreads.com/book/show/7604.Lolita
57,https://www.goodreads.com/book/show/4981.Slaughterhouse_Five
58,https://www.goodreads.com/book/show/35031085-frankenstein
59,https://www.goodreads.com/book/show/77203.The_Kite_Runner
60,https://www.goodreads.com/book/show/38447.The_Handmaid_s_Tale
61,https://www.goodreads.com/book/show/3636.The_Giver
62,https://www.goodreads.com/book/show/168668.Catch_22
63,https://www.goodreads.com/book/show/44767458-dune
64,https://www.goodreads.com/book/show/5043.The_Pillars_of_the_Earth
65,https://www.goodreads.com/book/show/149267.The_Stand
66,https://www.goodreads.com/book/show/3590.The_Adventures_of_Sherlock_Holmes
67,https://www.goodreads.com/book/show/76620.Watership_Down
68,https://www.goodreads.com/book/show/2623.Great_Expectations
69,https://www.goodreads.com/book/show/332613.One_Flew_Over_the_Cuckoo_s_Nest
70,https://www.goodreads.com/book/show/6514.The_Bell_Jar
71,https://www.goodreads.com/book/show/15823480-anna-karenina
72,https://www.goodreads.com/book/show/1934.Little_Women
73,https://www.goodreads.com/book/show/10917.My_Sister_s_Keeper
74,https://www.goodreads.com/book/show/10964.Outlander
75,https://www.goodreads.com/book/show/2429135.The_Girl_with_the_Dragon_Tattoo
76,https://www.goodreads.com/book/show/136251.Harry_Potter_and_the_Deathly_Hallows
77,https://www.goodreads.com/book/show/39988.Matilda
78,https://www.goodreads.com/book/show/34.The_Fellowship_of_the_Ring
79,https://www.goodreads.com/book/show/17899948-rebecca
80,https://www.goodreads.com/book/show/52892857-the-color-purple
81,https://www.goodreads.com/book/show/14891.A_Tree_Grows_in_Brooklyn
82,https://www.goodreads.com/book/show/40961427-1984
83,https://www.goodreads.com/book/show/41817486-a-clockwork-orange
84,https://www.goodreads.com/book/show/6288.The_Road
85,https://www.goodreads.com/book/show/4934.The_Brothers_Karamazov
86,https://www.goodreads.com/book/show/252577.Angela_s_Ashes
87,https://www.goodreads.com/book/show/345627.Vampire_Academy
88,https://www.goodreads.com/book/show/7244.The_Poisonwood_Bible
89,https://www.goodreads.com/book/show/52036.Siddhartha
90,https://www.goodreads.com/book/show/119322.The_Golden_Compass
91,https://www.goodreads.com/book/show/3836.Don_Quixote
92,https://www.goodreads.com/book/show/662.Atlas_Shrugged
93,https://www.goodreads.com/book/show/2165.The_Old_Man_and_the_Sea
94,https://www.goodreads.com/book/show/5.Harry_Potter_and_the_Prisoner_of_Azkaban
95,https://www.goodreads.com/book/show/33648131-the-notebook
96,https://www.goodreads.com/book/show/99107.Winnie_the_Pooh
97,https://www.goodreads.com/book/show/23919.The_Complete_Stories_and_Poems
98,https://www.goodreads.com/book/show/4473.A_Prayer_for_Owen_Meany
99,https://www.goodreads.com/book/show/43763.Interview_with_the_Vampire
100,https://www.goodreads.com/book/show/2767052-the-hunger-games
101,https://www.goodreads.com/book/show/2.Harry_Potter_and_the_Order_of_the_Phoenix
102,https://www.goodreads.com/book/show/2657.To_Kill_a_Mockingbird
103,https://www.goodreads.com/book/show/1885.Pride_and_Prejudice
104,https://www.goodreads.com/book/show/41865.Twilight
105,https://www.goodreads.com/book/show/19063.The_Book_Thief
106,https://www.goodreads.com/book/show/170448.Animal_Farm
107,https://www.goodreads.com/book/show/11127.The_Chronicles_of_Narnia
108,https://www.goodreads.com/book/show/30.J_R_R_Tolkien_4_Book_Boxed_Set
109,https://www.goodreads.com/book/show/18405.Gone_with_the_Wind
110,https://www.goodreads.com/book/show/11870085-the-fault-in-our-stars
111,https://www.goodreads.com/book/show/386162.The_Hitchhiker_s_Guide_to_the_Galaxy
112,https://www.goodreads.com/book/show/370493.The_Giving_Tree
113,https://www.goodreads.com/book/show/6185.Wuthering_Heights
114,https://www.goodreads.com/book/show/968.The_Da_Vinci_Code
115,https://www.goodreads.com/book/show/929.Memoirs_of_a_Geisha
116,https://www.goodreads.com/book/show/5297.The_Picture_of_Dorian_Gray
117,https://www.goodreads.com/book/show/24213.Alice_s_Adventures_in_Wonderland_Through_the_Looking_Glass
118,https://www.goodreads.com/book/show/10210.Jane_Eyre
119,https://www.goodreads.com/book/show/24280.Les_Mis_rables
120,https://www.goodreads.com/book/show/13335037-divergent
121,https://www.goodreads.com/book/show/13079982-fahrenheit-451
122,https://www.goodreads.com/book/show/18135.Romeo_and_Juliet
123,https://www.goodreads.com/book/show/7624.Lord_of_the_Flies
124,https://www.goodreads.com/book/show/18144590-the-alchemist
125,https://www.goodreads.com/book/show/7144.Crime_and_Punishment
126,https://www.goodreads.com/book/show/22628.The_Perks_of_Being_a_Wallflower
127,https://www.goodreads.com/book/show/4671.The_Great_Gatsby
128,https://www.goodreads.com/book/show/375802.Ender_s_Game
129,https://www.goodreads.com/book/show/256683.City_of_Bones
130,https://www.goodreads.com/book/show/4667024-the-help
131,https://www.goodreads.com/book/show/8127.Anne_of_Green_Gables
132,https://www.goodreads.com/book/show/24178.Charlotte_s_Web
133,https://www.goodreads.com/book/show/157993.The_Little_Prince
134,https://www.goodreads.com/book/show/18619684-the-time-traveler-s-wife
135,https://www.goodreads.com/book/show/890.Of_Mice_and_Men
136,https://www.goodreads.com/book/show/3.Harry_Potter_and_the_Sorcerer_s_Stone
137,https://www.goodreads.com/book/show/17245.Dracula
138,https://www.goodreads.com/book/show/5129.Brave_New_World
139,https://www.goodreads.com/book/show/320.One_Hundred_Years_of_Solitude
140,https://www.goodreads.com/book/show/21787.The_Princess_Bride
141,https://www.goodreads.com/book/show/5107.The_Catcher_in_the_Rye
142,https://www.goodreads.com/book/show/2998.The_Secret_Garden
143,https://www.goodreads.com/book/show/128029.A_Thousand_Splendid_Suns
144,https://www.goodreads.com/book/show/28187.The_Lightning_Thief
145,https://www.goodreads.com/book/show/33574273-a-wrinkle-in-time
146,https://www.goodreads.com/book/show/13496.A_Game_of_Thrones
147,https://www.goodreads.com/book/show/2956.The_Adventures_of_Huckleberry_Finn
148,https://www.goodreads.com/book/show/12232938-the-lovely-bones
149,https://www.goodreads.com/book/show/231804.The_Outsiders
150,https://www.goodreads.com/book/show/19543.Where_the_Wild_Things_Are
151,https://www.goodreads.com/book/show/23772.Green_Eggs_and_Ham
152,https://www.goodreads.com/book/show/1381.The_Odyssey
153,https://www.goodreads.com/book/show/4214.Life_of_Pi
154,https://www.goodreads.com/book/show/1953.A_Tale_of_Two_Cities
155,https://www.goodreads.com/book/show/43641.Water_for_Elephants
156,https://www.goodreads.com/book/show/7604.Lolita
157,https://www.goodreads.com/book/show/4981.Slaughterhouse_Five
158,https://www.goodreads.com/book/show/35031085-frankenstein
159,https://www.goodreads.com/book/show/77203.The_Kite_Runner
160,https://www.goodreads.com/book/show/38447.The_Handmaid_s_Tale
161,https://www.goodreads.com/book/show/3636.The_Giver
162,https://www.goodreads.com/book/show/168668.Catch_22
163,https://www.goodreads.com/book/show/44767458-dune
164,https://www.goodreads.com/book/show/5043.The_Pillars_of_the_Earth
165,https://www.goodreads.com/book/show/149267.The_Stand
166,https://www.goodreads.com/book/show/3590.The_Adventures_of_Sherlock_Holmes
167,https://www.goodreads.com/book/show/76620.Watership_Down
168,https://www.goodreads.com/book/show/2623.Great_Expectations
169,https://www.goodreads.com/book/show/332613.One_Flew_Over_the_Cuckoo_s_Nest
170,https://www.goodreads.com/book/show/6514.The_Bell_Jar
171,https://www.goodreads.com/book/show/15823480-anna-karenina
172,https://www.goodreads.com/book/show/1934.Little_Women
173,https://www.goodreads.com/book/show/10917.My_Sister_s_Keeper
174,https://www.goodreads.com/book/show/10964.Outlander
175,https://www.goodreads.com/book/show/2429135.The_Girl_with_the_Dragon_Tattoo
176,https://www.goodreads.com/book/show/136251.Harry_Potter_and_the_Deathly_Hallows
177,https://www.goodreads.com/book/show/39988.Matilda
178,https://www.goodreads.com/book/show/34.The_Fellowship_of_the_Ring
179,https://www.goodreads.com/book/show/17899948-rebecca
180,https://www.goodreads.com/book/show/52892857-the-color-purple
181,https://www.goodreads.com/book/show/14891.A_Tree_Grows_in_Brooklyn
182,https://www.goodreads.com/book/show/40961427-1984
183,https://www.goodreads.com/book/show/41817486-a-clockwork-orange
184,https://www.goodreads.com/book/show/6288.The_Road
185,https://www.goodreads.com/book/show/4934.The_Brothers_Karamazov
186,https://www.goodreads.com/book/show/252577.Angela_s_Ashes
187,https://www.goodreads.com/book/show/345627.Vampire_Academy
188,https://www.goodreads.com/book/show/7244.The_Poisonwood_Bible
189,https://www.goodreads.com/book/show/52036.Siddhartha
190,https://www.goodreads.com/book/show/119322.The_Golden_Compass
191,https://www.goodreads.com/book/show/3836.Don_Quixote
192,https://www.goodreads.com/book/show/662.Atlas_Shrugged
193,https://www.goodreads.com/book/show/2165.The_Old_Man_and_the_Sea
194,https://www.goodreads.com/book/show/5.Harry_Potter_and_the_Prisoner_of_Azkaban
195,https://www.goodreads.com/book/show/33648131-the-notebook
196,https://www.goodreads.com/book/show/99107.Winnie_the_Pooh
197,https://www.goodreads.com/book/show/23919.The_Complete_Stories_and_Poems
198,https://www.goodreads.com/book/show/4473.A_Prayer_for_Owen_Meany
199,https://www.goodreads.com/book/show/43763.Interview_with_the_Vampire
200,https://www.goodreads.com/book/show/2767052-the-hunger-games
201,https://www.goodreads.com/book/show/2.Harry_Potter_and_the_Order_of_the_Phoenix
202,https://www.goodreads.com/book/show/2657.To_Kill_a_Mockingbird
203,https://www.goodreads.com/book/show/1885.Pride_and_Prejudice
204,https://www.goodreads.com/book/show/41865.Twilight
205,https://www.goodreads.com/book/show/19063.The_Book_Thief
206,https://www.goodreads.com/book/show/170448.Animal_Farm
207,https://www.goodreads.com/book/show/11127.The_Chronicles_of_Narnia
208,https://www.goodreads.com/book/show/30.J_R_R_Tolkien_4_Book_Boxed_Set
209,https://www.goodreads.com/book/show/18405.Gone_with_the_Wind
210,https://www.goodreads.com/book/show/11870085-the-fault-in-our-stars
211,https://www.goodreads.com/book/show/386162.The_Hitchhiker_s_Guide_to_the_Galaxy
212,https://www.goodreads.com/book/show/370493.The_Giving_Tree
213,https://www.goodreads.com/book/show/6185.Wuthering_Heights
214,https://www.goodreads.com/book/show/968.The_Da_Vinci_Code
215,https://www.goodreads.com/book/show/929.Memoirs_of_a_Geisha
216,https://www.goodreads.com/book/show/5297.The_Picture_of_Dorian_Gray
217,https://www.goodreads.com/book/show/24213.Alice_s_Adventures_in_Wonderland_Through_the_Looking_Glass
218,https://www.goodreads.com/book/show/10210.Jane_Eyre
219,https://www.goodreads.com/book/show/24280.Les_Mis_rables
220,https://www.goodreads.com/book/show/13335037-divergent
221,https://www.goodreads.com/book/show/13079982-fahrenheit-451
222,https://www.goodreads.com/book/show/18135.Romeo_and_Juliet
223,https://www.goodreads.com/book/show/7624.Lord_of_the_Flies
224,https://www.goodreads.com/book/show/18144590-the-alchemist
225,https://www.goodreads.com/book/show/7144.Crime_and_Punishment
226,https://www.goodreads.com/book/show/22628.The_Perks_of_Being_a_Wallflower
227,https://www.goodreads.com/book/show/4671.The_Great_Gatsby
228,https://www.goodreads.com/book/show/375802.Ender_s_Game
229,https://www.goodreads.com/book/show/256683.City_of_Bones
230,https://www.goodreads.com/book/show/4667024-the-help
231,https://www.goodreads.com/book/show/8127.Anne_of_Green_Gables
232,https://www.goodreads.com/book/show/24178.Charlotte_s_Web
233,https://www.goodreads.com/book/show/157993.The_Little_Prince
234,https://www.goodreads.com/book/show/18619684-the-time-traveler-s-wife
235,https://www.goodreads.com/book/show/890.Of_Mice_and_Men
236,https://www.goodreads.com/book/show/3.Harry_Potter_and_the_Sorcerer_s_Stone
237,https://www.goodreads.com/book/show/17245.Dracula
238,https://www.goodreads.com/book/show/5129.Brave_New_World
239,https://www.goodreads.com/book/show/320.One_Hundred_Years_of_Solitude
240,https://www.goodreads.com/book/show/21787.The_Princess_Bride
241,https://www.goodreads.com/book/show/5107.The_Catcher_in_the_Rye
242,https://www.goodreads.com/book/show/2998.The_Secret_Garden
243,https://www.goodreads.com/book/show/128029.A_Thousand_Splendid_Suns
244,https://www.goodreads.com/book/show/28187.The_Lightning_Thief
245,https://www.goodreads.com/book/show/33574273-a-wrinkle-in-time
246,https://www.goodreads.com/book/show/13496.A_Game_of_Thrones
247,https://www.goodreads.com/book/show/2956.The_Adventures_of_Huckleberry_Finn
248,https://www.goodreads.com/book/show/12232938-the-lovely-bones
249,https://www.goodreads.com/book/show/231804.The_Outsiders
250,https://www.goodreads.com/book/show/19543.Where_the_Wild_Things_Are
251,https://www.goodreads.com/book/show/23772.Green_Eggs_and_Ham
252,https://www.goodreads.com/book/show/1381.The_Odyssey
253,https://www.goodreads.com/book/show/4214.Life_of_Pi
254,https://www.goodreads.com/book/show/1953.A_Tale_of_Two_Cities
255,https://www.goodreads.com/book/show/43641.Water_for_Elephants
256,https://www.goodreads.com/book/show/7604.Lolita
257,https://www.goodreads.com/book/show/4981.Slaughterhouse_Five
258,https://www.goodreads.com/book/show/35031085-frankenstein
259,https://www.goodreads.com/book/show/77203.The_Kite_Runner
260,https://www.goodreads.com/book/show/38447.The_Handmaid_s_Tale
261,https://www.goodreads.com/book/show/3636.The_Giver
262,https://www.goodreads.com/book/show/168668.Catch_22
263,https://www.goodreads.com/book/show/44767458-dune
264,https://www.goodreads.com/book/show/5043.The_Pillars_of_the_Earth
265,https://www.goodreads.com/book/show/149267.The_Stand
266,https://www.goodreads.com/book/show/3590.The_Adventures_of_Sherlock_Holmes
267,https://www.goodreads.com/book/show/76620.Watership_Down
268,https://www.goodreads.com/book/show/2623.Great_Expectations
269,https://www.goodreads.com/book/show/332613.One_Flew_Over_the_Cuckoo_s_Nest
270,https://www.goodreads.com/book/show/6514.The_Bell_Jar
271,https://www.goodreads.com/book/show/15823480-anna-karenina
272,https://www.goodreads.com/book/show/1934.Little_Women
273,https://www.goodreads.com/book/show/10917.My_Sister_s_Keeper
274,https://www.goodreads.com/book/show/10964.Outlander
275,https://www.goodreads.com/book/show/2429135.The_Girl_with_the_Dragon_Tattoo
276,https://www.goodreads.com/book/show/136251.Harry_Potter_and_the_Deathly_Hallows
277,https://www.goodreads.com/book/show/39988.Matilda
278,https://www.goodreads.com/book/show/34.The_Fellowship_of_the_Ring
279,https://www.goodreads.com/book/show/17899948-rebecca
280,https://www.goodreads.com/book/show/52892857-the-color-purple
281,https://www.goodreads.com/book/show/14891.A_Tree_Grows_in_Brooklyn
282,https://www.goodreads.com/book/show/40961427-1984
283,https://www.goodreads.com/book/show/41817486-a-clockwork-orange
284,https://www.goodreads.com/book/show/6288.The_Road
285,https://www.goodreads.com/book/show/4934.The_Brothers_Karamazov
286,https://www.goodreads.com/book/show/252577.Angela_s_Ashes
287,https://www.goodreads.com/book/show/345627.Vampire_Academy
288,https://www.goodreads.com/book/show/7244.The_Poisonwood_Bible
289,https://www.goodreads.com/book/show/52036.Siddhartha
290,https://www.goodreads.com/book/show/119322.The_Golden_Compass
291,https://www.goodreads.com/book/show/3836.Don_Quixote
292,https://www.goodreads.com/book/show/662.Atlas_Shrugged
293,https://www.goodreads.com/book/show/2165.The_Old_Man_and_the_Sea
294,https://www.goodreads.com/book/show/5.Harry_Potter_and_the_Prisoner_of_Azkaban
295,https://www.goodreads.com/book/show/33648131-the-notebook
296,https://www.goodreads.com/book/show/99107.Winnie_the_Pooh
297,https://www.goodreads.com/book/show/23919.The_Complete_Stories_and_Poems
298,https://www.goodreads.com/book/show/4473.A_Prayer_for_Owen_Meany
299,https://www.goodreads.com/book/show/43763.Interview_with_the_Vampire
300,https://www.goodreads.com/book/show/2767052-the-hunger-games
301,https://www.goodreads.com/book/show/2.Harry_Potter_and_the_Order_of_the_Phoenix
302,https://www.goodreads.com/book/show/2657.To_Kill_a_Mockingbird
303,https://www.goodreads.com/book/show/1885.Pride_and_Prejudice
304,https://www.goodreads.com/book/show/41865.Twilight
305,https://www.goodreads.com/book/show/19063.The_Book_Thief
306,https://www.goodreads.com/book/show/170448.Animal_Farm
307,https://www.goodreads.com/book/show/11127.The_Chronicles_of_Narnia
308,https://www.goodreads.com/book/show/30.J_R_R_Tolkien_4_Book_Boxed_Set
309,https://www.goodreads.com/book/show/18405.Gone_with_the_Wind
310,https://www.goodreads.com/book/show/11870085-the-fault-in-our-stars
311,https://www.goodreads.com/book/show/386162.The_Hitchhiker_s_Guide_to_the_Galaxy
312,https://www.goodreads.com/book/show/370493.The_Giving_Tree
313,https://www.goodreads.com/book/show/6185.Wuthering_Heights
314,https://www.goodreads.com/book/show/968.The_Da_Vinci_Code
315,https://www.goodreads.com/book/show/929.Memoirs_of_a_Geisha
316,https://www.goodreads.com/book/show/5297.The_Picture_of_Dorian_Gray
317,https://www.goodreads.com/book/show/24213.Alice_s_Adventures_in_Wonderland_Through_the_Looking_Glass
318,https://www.goodreads.com/book/show/10210.Jane_Eyre
319,https://www.goodreads.com/book/show/24280.Les_Mis_rables
320,https://www.goodreads.com/book/show/13335037-divergent
321,https://www.goodreads.com/book/show/13079982-fahrenheit-451
322,https://www.goodreads.com/book/show/18135.Romeo_and_Juliet
323,https://www.goodreads.com/book/show/7624.Lord_of_the_Flies
324,https://www.goodreads.com/book/show/18144590-the-alchemist
325,https://www.goodreads.com/book/show/7144.Crime_and_Punishment
326,https://www.goodreads.com/book/show/22628.The_Perks_of_Being_a_Wallflower
327,https://www.goodreads.com/book/show/4671.The_Great_Gatsby
328,https://www.goodreads.com/book/show/375802.Ender_s_Game
329,https://www.goodreads.com/book/show/256683.City_of_Bones
330,https://www.goodreads.com/book/show/4667024-the-help
331,https://www.goodreads.com/book/show/8127.Anne_of_Green_Gables
332,https://www.goodreads.com/book/show/24178.Charlotte_s_Web
333,https://www.goodreads.com/book/show/157993.The_Little_Prince
334,https://www.goodreads.com/book/show/18619684-the-time-traveler-s-wife
335,https://www.goodreads.com/book/show/890.Of_Mice_and_Men
336,https://www.goodreads.com/book/show/3.Harry_Potter_and_the_Sorcerer_s_Stone
337,https://www.goodreads.com/book/show/17245.Dracula
338,https://www.goodreads.com/book/show/5129.Brave_New_World
339,https://www.goodreads.com/book/show/320.One_Hundred_Years_of_Solitude
340,https://www.goodreads.com/book/show/21787.The_Princess_Bride
341,https://www.goodreads.com/book/show/5107.The_Catcher_in_the_Rye
342,https://www.goodreads.com/book/show/2998.The_Secret_Garden
343,https://www.goodreads.com/book/show/128029.A_Thousand_Splendid_Suns
344,https://www.goodreads.com/book/show/28187.The_Lightning_Thief
345,https://www.goodreads.com/book/show/33574273-a-wrinkle-in-time
346,https://www.goodreads.com/book/show/13496.A_Game_of_Thrones
347,https://www.goodreads.com/book/show/2956.The_Adventures_of_Huckleberry_Finn
348,https://www.goodreads.com/book/show/12232938-the-lovely-bones
349,https://www.goodreads.com/book/show/231804.The_Outsiders
350,https://www.goodreads.com/book/show/19543.Where_the_Wild_Things_Are
351,https://www.goodreads.com/book/show/23772.Green_Eggs_and_Ham
352,https://www.goodreads.com/book/show/1381.The_Odyssey
353,https://www.goodreads.com/book/show/4214.Life_of_Pi
354,https://www.goodreads.com/book/show/1953.A_Tale_of_Two_Cities
355,https://www.goodreads.com/book/show/43641.Water_for_Elephants
356,https://www.goodreads.com/book/show/7604.Lolita
357,https://www.goodreads.com/book/show/4981.Slaughterhouse_Five
358,https://www.goodreads.com/book/show/35031085-frankenstein
359,https://www.goodreads.com/book/show/77203.The_Kite_Runner
360,https://www.goodreads.com/book/show/38447.The_Handmaid_s_Tale
361,https://www.goodreads.com/book/show/3636.The_Giver
362,https://www.goodreads.com/book/show/168668.Catch_22
363,https://www.goodreads.com/book/show/44767458-dune
364,https://www.goodreads.com/book/show/5043.The_Pillars_of_the_Earth
365,https://www.goodreads.com/book/show/149267.The_Stand
366,https://www.goodreads.com/book/show/3590.The_Adventures_of_Sherlock_Holmes
367,https://www.goodreads.com/book/show/76620.Watership_Down
368,https://www.goodreads.com/book/show/2623.Great_Expectations
369,https://www.goodreads.com/book/show/332613.One_Flew_Over_the_Cuckoo_s_Nest
370,https://www.goodreads.com/book/show/6514.The_Bell_Jar
371,https://www.goodreads.com/book/show/15823480-anna-karenina
372,https://www.goodreads.com/book/show/1934.Little_Women
373,https://www.goodreads.com/book/show/10917.My_Sister_s_Keeper
374,https://www.goodreads.com/book/show/10964.Outlander
375,https://www.goodreads.com/book/show/2429135.The_Girl_with_the_Dragon_Tattoo
376,https://www.goodreads.com/book/show/136251.Harry_Potter_and_the_Deathly_Hallows
377,https://www.goodreads.com/book/show/39988.Matilda
378,https://www.goodreads.com/book/show/34.The_Fellowship_of_the_Ring
379,https://www.goodreads.com/book/show/17899948-rebecca
380,https://www.goodreads.com/book/show/52892857-the-color-purple
381,https://www.goodreads.com/book/show/14891.A_Tree_Grows_in_Brooklyn
382,https://www.goodreads.com/book/show/40961427-1984
383,https://www.goodreads.com/book/show/41817486-a-clockwork-orange
384,https://www.goodreads.com/book/show/6288.The_Road
385,https://www.goodreads.com/book/show/4934.The_Brothers_Karamazov
386,https://www.goodreads.com/book/show/252577.Angela_s_Ashes
387,https://www.goodreads.com/book/show/345627.Vampire_Academy
388,https://www.goodreads.com/book/show/7244.The_Poisonwood_Bible
389,https://www.goodreads.com/book/show/52036.Siddhartha
390,https://www.goodreads.com/book/show/119322.The_Golden_Compass
391,https://www.goodreads.com/book/show/3836.Don_Quixote
392,https://www.goodreads.com/book/show/662.Atlas_Shrugged
393,https://www.goodreads.com/book/show/2165.The_Old_Man_and_the_Sea
394,https://www.goodreads.com/book/show/5.Harry_Potter_and_the_Prisoner_of_Azkaban
395,https://www.goodreads.com/book/show/33648131-the-notebook
396,https://www.goodreads.com/book/show/99107.Winnie_the_Pooh
397,https://www.goodreads.com/book/show/23919.The_Complete_Stories_and_Poems
398,https://www.goodreads.com/book/show/4473.A_Prayer_for_Owen_Meany
399,https://www.goodreads.com/book/show/43763.Interview_with_the_Vampire
400,https://www.goodreads.com/book/show/2767052-the-hunger-games
401,https://www.goodreads.com/book/show/2.Harry_Potter_and_the_Order_of_the_Phoenix
402,https://www.goodreads.com/book/show/2657.To_Kill_a_Mockingbird
403,https://www.goodreads.com/book/show/1885.Pride_and_Prejudice
404,https://www.goodreads.com/book/show/41865.Twilight
405,https://www.goodreads.com/book/show/19063.The_Book_Thief
406,https://www.goodreads.com/book/show/170448.Animal_Farm
407,https://www.goodreads.com/book/show/11127.The_Chronicles_of_Narnia
408,https://www.goodreads.com/book/show/30.J_R_R_Tolkien_4_Book_Boxed_Set
409,https://www.goodreads.com/book/show/18405.Gone_with_the_Wind
410,https://www.goodreads.com/book/show/11870085-the-fault-in-our-stars
411,https://www.goodreads.com/book/show/386162.The_Hitchhiker_s_Guide_to_the_Galaxy
412,https://www.goodreads.com/book/show/370493.The_Giving_Tree
413,https://www.goodreads.com/book/show/6185.Wuthering_Heights
414,https://www.goodreads.com/book/show/968.The_Da_Vinci_Code
415,https://www.goodreads.com/book/show/929.Memoirs_of_a_Geisha
416,https://www.goodreads.com/book/show/5297.The_Picture_of_Dorian_Gray
417,https://www.goodreads.com/book/show/24213.Alice_s_Adventures_in_Wonderland_Through_the_Looking_Glass
418,https://www.goodreads.com/book/show/10210.Jane_Eyre
419,https://www.goodreads.com/book/show/24280.Les_Mis_rables
420,https://www.goodreads.com/book/show/13335037-divergent
421,https://www.goodreads.com/book/show/13079982-fahrenheit-451
422,https://www.goodreads.com/book/show/18135.Romeo_and_Juliet
423,https://www.goodreads.com/book/show/7624.Lord_of_the_Flies
424,https://www.goodreads.com/book/show/18144590-the-alchemist
425,https://www.goodreads.com/book/show/7144.Crime_and_Punishment
426,https://www.goodreads.com/book/show/22628.The_Perks_of_Being_a_Wallflower
427,https://www.goodreads.com/book/show/4671.The_Great_Gatsby
428,https://www.goodreads.com/book/show/375802.Ender_s_Game
429,https://www.goodreads.com/book/show/256683.City_of_Bones
430,https://www.goodreads.com/book/show/4667024-the-help
431,https://www.goodreads.com/book/show/8127.Anne_of_Green_Gables
432,https://www.goodreads.com/book/show/24178.Charlotte_s_Web
433,https://www.goodreads.com/book/show/157993.The_Little_Prince
434,https://www.goodreads.com/book/show/18619684-the-time-traveler-s-wife
435,https://www.goodreads.com/book/show/890.Of_Mice_and_Men
436,https://www.goodreads.com/book/show/3.Harry_Potter_and_the_Sorcerer_s_Stone
437,https://www.goodreads.com/book/show/17245.Dracula
438,https://www.goodreads.com/book/show/5129.Brave_New_World
439,https://www.goodreads.com/book/show/320.One_Hundred_Years_of_Solitude
440,https://www.goodreads.com/book/show/21787.The_Princess_Bride
441,https://www.goodreads.com/book/show/5107.The_Catcher_in_the_Rye
442,https://www.goodreads.com/book/show/2998.The_Secret_Garden
443,https://www.goodreads.com/book/show/128029.A_Thousand_Splendid_Suns
444,https://www.goodreads.com/book/show/28187.The_Lightning_Thief
445,https://www.goodreads.com/book/show/33574273-a-wrinkle-in-time
446,https://www.goodreads.com/book/show/13496.A_Game_of_Thrones
447,https://www.goodreads.com/book/show/2956.The_Adventures_of_Huckleberry_Finn
448,https://www.goodreads.com/book/show/12232938-the-lovely-bones
449,https://www.goodreads.com/book/show/231804.The_Outsiders
450,https://www.goodreads.com/book/show/19543.Where_the_Wild_Things_Are
451,https://www.goodreads.com/book/show/23772.Green_Eggs_and_Ham
452,https://www.goodreads.com/book/show/1381.The_Odyssey
453,https://www.goodreads.com/book/show/4214.Life_of_Pi
454,https://www.goodreads.com/book/show/1953.A_Tale_of_Two_Cities
455,https://www.goodreads.com/book/show/43641.Water_for_Elephants
456,https://www.goodreads.com/book/show/7604.Lolita
457,https://www.goodreads.com/book/show/4981.Slaughterhouse_Five
458,https://www.goodreads.com/book/show/35031085-frankenstein
459,https://www.goodreads.com/book/show/77203.The_Kite_Runner
460,https://www.goodreads.com/book/show/38447.The_Handmaid_s_Tale
461,https://www.goodreads.com/book/show/3636.The_Giver
462,https://www.goodreads.com/book/show/168668.Catch_22
463,https://www.goodreads.com/book/show/44767458-dune
464,https://www.goodreads.com/book/show/5043.The_Pillars_of_the_Earth
465,https://www.goodreads.com/book/show/149267.The_Stand
466,https://www.goodreads.com/book/show/3590.The_Adventures_of_Sherlock_Holmes
467,https://www.goodreads.com/book/show/76620.Watership_Down
468,https://www.goodreads.com/book/show/2623.Great_Expectations
469,https://www.goodreads.com/book/show/332613.One_Flew_Over_the_Cuckoo_s_Nest
470,https://www.goodreads.com/book/show/6514.The_Bell_Jar
471,https://www.goodreads.com/book/show/15823480-anna-karenina
472,https://www.goodreads.com/book/show/1934.Little_Women
473,https://www.goodreads.com/book/show/10917.My_Sister_s_Keeper
474,https://www.goodreads.com/book/show/10964.Outlander
475,https://www.goodreads.com/book/show/2429135.The_Girl_with_the_Dragon_Tattoo
476,https://www.goodreads.com/book/show/136251.Harry_Potter_and_the_Deathly_Hallows
477,https://www.goodreads.com/book/show/39988.Matilda
478,https://www.goodreads.com/book/show/34.The_Fellowship_of_the_Ring
479,https://www.goodreads.com/book/show/17899948-rebecca
480,https://www.goodreads.com/book/show/52892857-the-color-purple
481,https://www.goodreads.com/book/show/14891.A_Tree_Grows_in_Brooklyn
482,https://www.goodreads.com/book/show/40961427-1984
483,https://www.goodreads.com/book/show/41817486-a-clockwork-orange
484,https://www.goodreads.com/book/show/6288.The_Road
485,https://www.goodreads.com/book/show/4934.The_Brothers_Karamazov
486,https://www.goodreads.com/book/show/252577.Angela_s_Ashes
487,https://www.goodreads.com/book/show/345627.Vampire_Academy
488,https://www.goodreads.com/book/show/7244.The_Poisonwood_Bible
489,https://www.goodreads.com/book/show/52036.Siddhartha
490,https://www.goodreads.com/book/show/119322.The_Golden_Compass
491,https://www.goodreads.com/book/show/3836.Don_Quixote
492,https://www.goodreads.com/book/show/662.Atlas_Shrugged
493,https://www.goodreads.com/book/show/2165.The_Old_Man_and_the_Sea
494,https://www.goodreads.com/book/show/5.Harry_Potter_and_the_Prisoner_of_Azkaban
495,https://www.goodreads.com/book/show/33648131-the-notebook
496,https://www.goodreads.com/book/show/99107.Winnie_the_Pooh
497,https://www.goodreads.com/book/show/23919.The_Complete_Stories_and_Poems
498,https://www.goodreads.com/book/show/4473.A_Prayer_for_Owen_Meany
499,https://www.goodreads.com/book/show/43763.Interview_with_the_Vampire
500,https://www.goodreads.com/book/show/2767052-the-hunger-games
501,https://www.goodreads.com/book/show/2.Harry_Potter_and_the_Order_of_the_Phoenix
502,https://www.goodreads.com/book/show/2657.To_Kill_a_Mockingbird
503,https://www.goodreads.com/book/show/1885.Pride_and_Prejudice
504,https://www.goodreads.com/book/show/41865.Twilight
505,https://www.goodreads.com/book/show/19063.The_Book_Thief
506,https://www.goodreads.com/book/show/170448.Animal_Farm
507,https://www.goodreads.com/book/show/11127.The_Chronicles_of_Narnia
508,https://www.goodreads.com/book/show/30.J_R_R_Tolkien_4_Book_Boxed_Set
509,https://www.goodreads.com/book/show/18405.Gone_with_the_Wind
510,https://www.goodreads.com/book/show/11870085-the-fault-in-our-stars
511,https://www.goodreads.com/book/show/386162.The_Hitchhiker_s_Guide_to_the_Galaxy
512,https://www.goodreads.com/book/show/370493.The_Giving_Tree
513,https://www.goodreads.com/book/show/6185.Wuthering_Heights
514,https://www.goodreads.com/book/show/968.The_Da_Vinci_Code
515,https://www.goodreads.com/book/show/929.Memoirs_of_a_Geisha
516,https://www.goodreads.com/book/show/5297.The_Picture_of_Dorian_Gray
517,https://www.goodreads.com/book/show/24213.Alice_s_Adventures_in_Wonderland_Through_the_Looking_Glass
518,https://www.goodreads.com/book/show/10210.Jane_Eyre
519,https://www.goodreads.com/book/show/24280.Les_Mis_rables
520,https://www.goodreads.com/book/show/13335037-divergent
521,https://www.goodreads.com/book/show/13079982-fahrenheit-451
522,https://www.goodreads.com/book/show/18135.Romeo_and_Juliet
523,https://www.goodreads.com/book/show/7624.Lord_of_the_Flies
524,https://www.goodreads.com/book/show/18144590-the-alchemist
525,https://www.goodreads.com/book/show/7144.Crime_and_Punishment
526,https://www.goodreads.com/book/show/22628.The_Perks_of_Being_a_Wallflower
527,https://www.goodreads.com/book/show/4671.The_Great_Gatsby
528,https://www.goodreads.com/book/show/375802.Ender_s_Game
529,https://www.goodreads.com/book/show/256683.City_of_Bones
530,https://www.goodreads.com/book/show/4667024-the-help
531,https://www.goodreads.com/book/show/8127.Anne_of_Green_Gables
532,https://www.goodreads.com/book/show/24178.Charlotte_s_Web
533,https://www.goodreads.com/book/show/157993.The_Little_Prince
534,https://www.goodreads.com/book/show/18619684-the-time-traveler-s-wife
535,https://www.goodreads.com/book/show/890.Of_Mice_and_Men
536,https://www.goodreads.com/book/show/3.Harry_Potter_and_the_Sorcerer_s_Stone
537,https://www.goodreads.com/book/show/17245.Dracula
538,https://www.goodreads.com/book/show/5129.Brave_New_World
539,https://www.goodreads.com/book/show/320.One_Hundred_Years_of_Solitude
540,https://www.goodreads.com/book/show/21787.The_Princess_Bride
541,https://www.goodreads.com/book/show/5107.The_Catcher_in_the_Rye
542,https://www.goodreads.com/book/show/2998.The_Secret_Garden
543,https://www.goodreads.com/book/show/128029.A_Thousand_Splendid_Suns
544,https://www.goodreads.com/book/show/28187.The_Lightning_Thief
545,https://www.goodreads.com/book/show/33574273-a-wrinkle-in-time
546,https://www.goodreads.com/book/show/13496.A_Game_of_Thrones
547,https://www.goodreads.com/book/show/2956.The_Adventures_of_Huckleberry_Finn
548,https://www.goodreads.com/book/show/12232938-the-lovely-bones
549,https://www.goodreads.com/book/show/231804.The_Outsiders
550,https://www.goodreads.com/book/show/19543.Where_the_Wild_Things_Are
551,https://www.goodreads.com/book/show/23772.Green_Eggs_and_Ham
552,https://www.goodreads.com/book/show/1381.The_Odyssey
553,https://www.goodreads.com/book/show/4214.Life_of_Pi
554,https://www.goodreads.com/book/show/1953.A_Tale_of_Two_Cities
555,https://www.goodreads.com/book/show/43641.Water_for_Elephants
556,https://www.goodreads.com/book/show/7604.Lolita
557,https://www.goodreads.com/book/show/4981.Slaughterhouse_Five
558,https://www.goodreads.com/book/show/35031085-frankenstein
559,https://www.goodreads.com/book/show/77203.The_Kite_Runner
560,https://www.goodreads.com/book/show/38447.The_Handmaid_s_Tale
561,https://www.goodreads.com/book/show/3636.The_Giver
562,https://www.goodreads.com/book/show/168668.Catch_22
563,https://www.goodreads.com/book/show/44767458-dune
564,https://www.goodreads.com/book/show/5043.The_Pillars_of_the_Earth
565,https://www.goodreads.com/book/show/149267.The_Stand
566,https://www.goodreads.com/book/show/3590.The_Adventures_of_Sherlock_Holmes
567,https://www.goodreads.com/book/show/76620.Watership_Down
568,https://www.goodreads.com/book/show/2623.Great_Expectations
569,https://www.goodreads.com/book/show/332613.One_Flew_Over_the_Cuckoo_s_Nest
570,https://www.goodreads.com/book/show/6514.The_Bell_Jar
571,https://www.goodreads.com/book/show/15823480-anna-karenina
572,https://www.goodreads.com/book/show/1934.Little_Women
573,https://www.goodreads.com/book/show/10917.My_Sister_s_Keeper
574,https://www.goodreads.com/book/show/10964.Outlander
575,https://www.goodreads.com/book/show/2429135.The_Girl_with_the_Dragon_Tattoo
576,https://www.goodreads.com/book/show/136251.Harry_Potter_and_the_Deathly_Hallows
577,https://www.goodreads.com/book/show/39988.Matilda
578,https://www.goodreads.com/book/show/34.The_Fellowship_of_the_Ring
579,https://www.goodreads.com/book/show/17899948-rebecca
580,https://www.goodreads.com/book/show/52892857-the-color-purple
581,https://www.goodreads.com/book/show/14891.A_Tree_Grows_in_Brooklyn
582,https://www.goodreads.com/book/show/40961427-1984
583,https://www.goodreads.com/book/show/41817486-a-clockwork-orange
584,https://www.goodreads.com/book/show/6288.The_Road
585,https://www.goodreads.com/book/show/4934.The_Brothers_Karamazov
586,https://www.goodreads.com/book/show/252577.Angela_s_Ashes
587,https://www.goodreads.com/book/show/345627.Vampire_Academy
588,https://www.goodreads.com/book/show/7244.The_Poisonwood_Bible
589,https://www.goodreads.com/book/show/52036.Siddhartha
590,https://www.goodreads.com/book/show/119322.The_Golden_Compass
591,https://www.goodreads.com/book/show/3836.Don_Quixote
592,https://www.goodreads.com/book/show/662.Atlas_Shrugged
593,https://www.goodreads.com/book/show/2165.The_Old_Man_and_the_Sea
594,https://www.goodreads.com/book/show/5.Harry_Potter_and_the_Prisoner_of_Azkaban
595,https://www.goodreads.com/book/show/33648131-the-notebook
596,https://www.goodreads.com/book/show/99107.Winnie_the_Pooh
597,https://www.goodreads.com/book/show/23919.The_Complete_Stories_and_Poems
598,https://www.goodreads.com/book/show/4473.A_Prayer_for_Owen_Meany
599,https://www.goodreads.com/book/show/43763.Interview_with_the_Vampire
600,https://www.goodreads.com/book/show/2767052-the-hunger-games
601,https://www.goodreads.com/book/show/2.Harry_Potter_and_the_Order_of_the_Phoenix
602,https://www.goodreads.com/book/show/2657.To_Kill_a_Mockingbird
603,https://www.goodreads.com/book/show/1885.Pride_and_Prejudice
604,https://www.goodreads.com/book/show/41865.Twilight
605,https://www.goodreads.com/book/show/19063.The_Book_Thief
606,https://www.goodreads.com/book/show/170448.Animal_Farm
607,https://www.goodreads.com/book/show/11127.The_Chronicles_of_Narnia
608,https://www.goodreads.com/book/show/30.J_R_R_Tolkien_4_Book_Boxed_Set
609,https://www.goodreads.com/book/show/18405.Gone_with_the_Wind
610,https://www.goodreads.com/book/show/11870085-the-fault-in-our-stars
611,https://www.goodreads.com/book/show/386162.The_Hitchhiker_s_Guide_to_the_Galaxy
612,https://www.goodreads.com/book/show/370493.The_Giving_Tree
613,https://www.goodreads.com/book/show/6185.Wuthering_Heights
614,https://www.goodreads.com/book/show/968.The_Da_Vinci_Code
615,https://www.goodreads.com/book/show/929.Memoirs_of_a_Geisha
616,https://www.goodreads.com/book/show/5297.The_Picture_of_Dorian_Gray
617,https://www.goodreads.com/book/show/24213.Alice_s_Adventures_in_Wonderland_Through_the_Looking_Glass
618,https://www.goodreads.com/book/show/10210.Jane_Eyre
619,https://www.goodreads.com/book/show/24280.Les_Mis_rables
620,https://www.goodreads.com/book/show/13335037-divergent
621,https://www.goodreads.com/book/show/13079982-fahrenheit-451
622,https://www.goodreads.com/book/show/18135.Romeo_and_Juliet
623,https://www.goodreads.com/book/show/7624.Lord_of_the_Flies
624,https://www.goodreads.com/book/show/18144590-the-alchemist
625,https://www.goodreads.com/book/show/7144.Crime_and_Punishment
626,https://www.goodreads.com/book/show/22628.The_Perks_of_Being_a_Wallflower
627,https://www.goodreads.com/book/show/4671.The_Great_Gatsby
628,https://www.goodreads.com/book/show/375802.Ender_s_Game
629,https://www.goodreads.com/book/show/256683.City_of_Bones
630,https://www.goodreads.com/book/show/4667024-the-help
631,https://www.goodreads.com/book/show/8127.Anne_of_Green_Gables
632,https://www.goodreads.com/book/show/24178.Charlotte_s_Web
633,https://www.goodreads.com/book/show/157993.The_Little_Prince
634,https://www.goodreads.com/book/show/18619684-the-time-traveler-s-wife
635,https://www.goodreads.com/book/show/890.Of_Mice_and_Men
636,https://www.goodreads.com/book/show/3.Harry_Potter_and_the_Sorcerer_s_Stone
637,https://www.goodreads.com/book/show/17245.Dracula
638,https://www.goodreads.com/book/show/5129.Brave_New_World
639,https://www.goodreads.com/book/show/320.One_Hundred_Years_of_Solitude
640,https://www.goodreads.com/book/show/21787.The_Princess_Bride
641,https://www.goodreads.com/book/show/5107.The_Catcher_in_the_Rye
642,https://www.goodreads.com/book/show/2998.The_Secret_Garden
643,https://www.goodreads.com/book/show/128029.A_Thousand_Splendid_Suns
644,https://www.goodreads.com/book/show/28187.The_Lightning_Thief
645,https://www.goodreads.com/book/show/33574273-a-wrinkle-in-time
646,https://www.goodreads.com/book/show/13496.A_Game_of_Thrones
647,https://www.goodreads.com/book/show/2956.The_Adventures_of_Huckleberry_Finn
648,https://www.goodreads.com/book/show/12232938-the-lovely-bones
649,https://www.goodreads.com/book/show/231804.The_Outsiders
650,https://www.goodreads.com/book/show/19543.Where_the_Wild_Things_Are
651,https://www.goodreads.com/book/show/23772.Green_Eggs_and_Ham
652,https://www.goodreads.com/book/show/1381.The_Odyssey
653,https://www.goodreads.com/book/show/4214.Life_of_Pi
654,https://www.goodreads.com/book/show/1953.A_Tale_of_Two_Cities
655,https://www.goodreads.com/book/show/43641.Water_for_Elephants
656,https://www.goodreads.com/book/show/7604.Lolita
657,https://www.goodreads.com/book/show/4981.Slaughterhouse_Five
658,https://www.goodreads.com/book/show/35031085-frankenstein
659,https://www.goodreads.com/book/show/77203.The_Kite_Runner
660,https://www.goodreads.com/book/show/38447.The_Handmaid_s_Tale
661,https://www.goodreads.com/book/show/3636.The_Giver
662,https://www.goodreads.com/book/show/168668.Catch_22
663,https://www.goodreads.com/book/show/44767458-dune
664,https://www.goodreads.com/book/show/5043.The_Pillars_of_the_Earth
665,https://www.goodreads.com/book/show/149267.The_Stand
666,https://www.goodreads.com/book/show/3590.The_Adventures_of_Sherlock_Holmes
667,https://www.goodreads.com/book/show/76620.Watership_Down
668,https://www.goodreads.com/book/show/2623.Great_Expectations
669,https://www.goodreads.com/book/show/332613.One_Flew_Over_the_Cuckoo_s_Nest
670,https://www.goodreads.com/book/show/6514.The_Bell_Jar
671,https://www.goodreads.com/book/show/15823480-anna-karenina
672,https://www.goodreads.com/book/show/1934.Little_Women
673,https://www.goodreads.com/book/show/10917.My_Sister_s_Keeper
674,https://www.goodreads.com/book/show/10964.Outlander
675,https://www.goodreads.com/book/show/2429135.The_Girl_with_the_Dragon_Tattoo
676,https://www.goodreads.com/book/show/136251.Harry_Potter_and_the_Deathly_Hallows
677,https://www.goodreads.com/book/show/39988.Matilda
678,https://www.goodreads.com/book/show/34.The_Fellowship_of_the_Ring
679,https://www.goodreads.com/book/show/17899948-rebecca
680,https://www.goodreads.com/book/show/52892857-the-color-purple
681,https://www.goodreads.com/book/show/14891.A_Tree_Grows_in_Brooklyn
682,https://www.goodreads.com/book/show/40961427-1984
683,https://www.goodreads.com/book/show/41817486-a-clockwork-orange
684,https://www.goodreads.com/book/show/6288.The_Road
685,https://www.goodreads.com/book/show/4934.The_Brothers_Karamazov
686,https://www.goodreads.com/book/show/252577.Angela_s_Ashes
687,https://www.goodreads.com/book/show/345627.Vampire_Academy
688,https://www.goodreads.com/book/show/7244.The_Poisonwood_Bible
689,https://www.goodreads.com/book/show/52036.Siddhartha
690,https://www.goodreads.com/book/show/119322.The_Golden_Compass
691,https://www.goodreads.com/book/show/3836.Don_Quixote
692,https://www.goodreads.com/book/show/662.Atlas_Shrugged
693,https://www.goodreads.com/book/show/2165.The_Old_Man_and_the_Sea
694,https://www.goodreads.com/book/show/5.Harry_Potter_and_the_Prisoner_of_Azkaban
695,https://www.goodreads.com/book/show/33648131-the-notebook
696,https://www.goodreads.com/book/show/99107.Winnie_the_Pooh
697,https://www.goodreads.com/book/show/23919.The_Complete_Stories_and_Poems
698,https://www.goodreads.com/book/show/4473.A_Prayer_for_Owen_Meany
699,https://www.goodreads.com/book/show/43763.Interview_with_the_Vampire
700,https://www.goodreads.com/book/show/2767052-the-hunger-games
701,https://www.goodreads.com/book/show/2.Harry_Potter_and_the_Order_of_the_Phoenix
702,https://www.goodreads.com/book/show/2657.To_Kill_a_Mockingbird
703,https://www.goodreads.com/book/show/1885.Pride_and_Prejudice
704,https://www.goodreads.com/book/show/41865.Twilight
705,https://www.goodreads.com/book/show/19063.The_Book_Thief
706,https://www.goodreads.com/book/show/170448.Animal_Farm
707,https://www.goodreads.com/book/show/11127.The_Chronicles_of_Narnia
708,https://www.goodreads.com/book/show/30.J_R_R_Tolkien_4_Book_Boxed_Set
709,https://www.goodreads.com/book/show/18405.Gone_with_the_Wind
710,https://www.goodreads.com/book/show/11870085-the-fault-in-our-stars
711,https://www.goodreads.com/book/show/386162.The_Hitchhiker_s_Guide_to_the_Galaxy
712,https://www.goodreads.com/book/show/370493.The_Giving_Tree
713,https://www.goodreads.com/book/show/6185.Wuthering_Heights
714,https://www.goodreads.com/book/show/968.The_Da_Vinci_Code
715,https://www.goodreads.com/book/show/929.Memoirs_of_a_Geisha
716,https://www.goodreads.com/book/show/5297.The_Picture_of_Dorian_Gray
717,https://www.goodreads.com/book/show/24213.Alice_s_Adventures_in_Wonderland_Through_the_Looking_Glass
718,https://www.goodreads.com/book/show/10210.Jane_Eyre
719,https://www.goodreads.com/book/show/24280.Les_Mis_rables
720,https://www.goodreads.com/book/show/13335037-divergent
721,https://www.goodreads.com/book/show/13079982-fahrenheit-451
722,https://www.goodreads.com/book/show/18135.Romeo_and_Juliet
723,https://www.goodreads.com/book/show/7624.Lord_of_the_Flies
724,https://www.goodreads.com/book/show/18144590-the-alchemist
725,https://www.goodreads.com/book/show/7144.Crime_and_Punishment
726,https://www.goodreads.com/book/show/22628.The_Perks_of_Being_a_Wallflower
727,https://www.goodreads.com/book/show/4671.The_Great_Gatsby
728,https://www.goodreads.com/book/show/375802.Ender_s_Game
729,https://www.goodreads.com/book/show/256683.City_of_Bones
730,https://www.goodreads.com/book/show/4667024-the-help
731,https://www.goodreads.com/book/show/8127.Anne_of_Green_Gables
732,https://www.goodreads.com/book/show/24178.Charlotte_s_Web
733,https://www.goodreads.com/book/show/157993.The_Little_Prince
734,https://www.goodreads.com/book/show/18619684-the-time-traveler-s-wife
735,https://www.goodreads.com/book/show/890.Of_Mice_and_Men
736,https://www.goodreads.com/book/show/3.Harry_Potter_and_the_Sorcerer_s_Stone
737,https://www.goodreads.com/book/show/17245.Dracula
738,https://www.goodreads.com/book/show/5129.Brave_New_World
739,https://www.goodreads.com/book/show/320.One_Hundred_Years_of_Solitude
740,https://www.goodreads.com/book/show/21787.The_Princess_Bride
741,https://www.goodreads.com/book/show/5107.The_Catcher_in_the_Rye
742,https://www.goodreads.com/book/show/2998.The_Secret_Garden
743,https://www.goodreads.com/book/show/128029.A_Thousand_Splendid_Suns
744,https://www.goodreads.com/book/show/28187.The_Lightning_Thief
745,https://www.goodreads.com/book/show/33574273-a-wrinkle-in-time
746,https://www.goodreads.com/book/show/13496.A_Game_of_Thrones
747,https://www.goodreads.com/book/show/2956.The_Adventures_of_Huckleberry_Finn
748,https://www.goodreads.com/book/show/12232938-the-lovely-bones
749,https://www.goodreads.com/book/show/231804.The_Outsiders
750,https://www.goodreads.com/book/show/19543.Where_the_Wild_Things_Are
751,https://www.goodreads.com/book/show/23772.Green_Eggs_and_Ham
752,https://www.goodreads.com/book/show/1381.The_Odyssey
753,https://www.goodreads.com/book/show/4214.Life_of_Pi
754,https://www.goodreads.com/book/show/1953.A_Tale_of_Two_Cities
755,https://www.goodreads.com/book/show/43641.Water_for_Elephants
756,https://www.goodreads.com/book/show/7604.Lolita
757,https://www.goodreads.com/book/show/4981.Slaughterhouse_Five
758,https://www.goodreads.com/book/show/35031085-frankenstein
759,https://www.goodreads.com/book/show/77203.The_Kite_Runner
760,https://www.goodreads.com/book/show/38447.The_Handmaid_s_Tale
761,https://www.goodreads.com/book/show/3636.The_Giver
762,https://www.goodreads.com/book/show/168668.Catch_22
763,https://www.goodreads.com/book/show/44767458-dune
764,https://www.goodreads.com/book/show/5043.The_Pillars_of_the_Earth
765,https://www.goodreads.com/book/show/149267.The_Stand
766,https://www.goodreads.com/book/show/3590.The_Adventures_of_Sherlock_Holmes
767,https://www.goodreads.com/book/show/76620.Watership_Down
768,https://www.goodreads.com/book/show/2623.Great_Expectations
769,https://www.goodreads.com/book/show/332613.One_Flew_Over_the_Cuckoo_s_Nest
770,https://www.goodreads.com/book/show/6514.The_Bell_Jar
771,https://www.goodreads.com/book/show/15823480-anna-karenina
772,https://www.goodreads.com/book/show/1934.Little_Women
773,https://www.goodreads.com/book/show/10917.My_Sister_s_Keeper
774,https://www.goodreads.com/book/show/10964.Outlander
775,https://www.goodreads.com/book/show/2429135.The_Girl_with_the_Dragon_Tattoo
776,https://www.goodreads.com/book/show/136251.Harry_Potter_and_the_Deathly_Hallows
777,https://www.goodreads.com/book/show/39988.Matilda
778,https://www.goodreads.com/book/show/34.The_Fellowship_of_the_Ring
779,https://www.goodreads.com/book/show/17899948-rebecca
780,https://www.goodreads.com/book/show/52892857-the-color-purple
781,https://www.goodreads.com/book/show/14891.A_Tree_Grows_in_Brooklyn
782,https://www.goodreads.com/book/show/40961427-1984
783,https://www.goodreads.com/book/show/41817486-a-clockwork-orange
784,https://www.goodreads.com/book/show/6288.The_Road
785,https://www.goodreads.com/book/show/4934.The_Brothers_Karamazov
786,https://www.goodreads.com/book/show/252577.Angela_s_Ashes
787,https://www.goodreads.com/book/show/345627.Vampire_Academy
788,https://www.goodreads.com/book/show/7244.The_Poisonwood_Bible
789,https://www.goodreads.com/book/show/52036.Siddhartha
790,https://www.goodreads.com/book/show/119322.The_Golden_Compass
791,https://www.goodreads.com/book/show/3836.Don_Quixote
792,https://www.goodreads.com/book/show/662.Atlas_Shrugged
793,https://www.goodreads.com/book/show/2165.The_Old_Man_and_the_Sea
794,https://www.goodreads.com/book/show/5.Harry_Potter_and_the_Prisoner_of_Azkaban
795,https://www.goodreads.com/book/show/33648131-the-notebook
796,https://www.goodreads.com/book/show/99107.Winnie_the_Pooh
797,https://www.goodreads.com/book/show/23919.The_Complete_Stories_and_Poems
798,https://www.goodreads.com/book/show/4473.A_Prayer_for_Owen_Meany
799,https://www.goodreads.com/book/show/43763.Interview_with_the_Vampire
800,https://www.goodreads.com/book/show/2767052-the-hunger-games
801,https://www.goodreads.com/book/show/2.Harry_Potter_and_the_Order_of_the_Phoenix
802,https://www.goodreads.com/book/show/2657.To_Kill_a_Mockingbird
803,https://www.goodreads.com/book/show/1885.Pride_and_Prejudice
804,https://www.goodreads.com/book/show/41865.Twilight
805,https://www.goodreads.com/book/show/19063.The_Book_Thief
806,https://www.goodreads.com/book/show/170448.Animal_Farm
807,https://www.goodreads.com/book/show/11127.The_Chronicles_of_Narnia
808,https://www.goodreads.com/book/show/30.J_R_R_Tolkien_4_Book_Boxed_Set
809,https://www.goodreads.com/book/show/18405.Gone_with_the_Wind
810,https://www.goodreads.com/book/show/11870085-the-fault-in-our-stars
811,https://www.goodreads.com/book/show/386162.The_Hitchhiker_s_Guide_to_the_Galaxy
812,https://www.goodreads.com/book/show/370493.The_Giving_Tree
813,https://www.goodreads.com/book/show/6185.Wuthering_Heights
814,https://www.goodreads.com/book/show/968.The_Da_Vinci_Code
815,https://www.goodreads.com/book/show/929.Memoirs_of_a_Geisha
816,https://www.goodreads.com/book/show/5297.The_Picture_of_Dorian_Gray
817,https://www.goodreads.com/book/show/24213.Alice_s_Adventures_in_Wonderland_Through_the_Looking_Glass
818,https://www.goodreads.com/book/show/10210.Jane_Eyre
819,https://www.goodreads.com/book/show/24280.Les_Mis_rables
820,https://www.goodreads.com/book/show/13335037-divergent
821,https://www.goodreads.com/book/show/13079982-fahrenheit-451
822,https://www.goodreads.com/book/show/18135.Romeo_and_Juliet
823,https://www.goodreads.com/book/show/7624.Lord_of_the_Flies
824,https://www.goodreads.com/book/show/18144590-the-alchemist
825,https://www.goodreads.com/book/show/7144.Crime_and_Punishment
826,https://www.goodreads.com/book/show/22628.The_Perks_of_Being_a_Wallflower
827,https://www.goodreads.com/book/show/4671.The_Great_Gatsby
828,https://www.goodreads.com/book/show/375802.Ender_s_Game
829,https://www.goodreads.com/book/show/256683.City_of_Bones
830,https://www.goodreads.com/book/show/4667024-the-help
831,https://www.goodreads.com/book/show/8127.Anne_of_Green_Gables
832,https://www.goodreads.com/book/show/24178.Charlotte_s_Web
833,https://www.goodreads.com/book/show/157993.The_Little_Prince
834,https://www.goodreads.com/book/show/18619684-the-time-traveler-s-wife
835,https://www.goodreads.com/book/show/890.Of_Mice_and_Men
836,https://www.goodreads.com/book/show/3.Harry_Potter_and_the_Sorcerer_s_Stone
837,https://www.goodreads.com/book/show/17245.Dracula
838,https://www.goodreads.com/book/show/5129.Brave_New_World
839,https://www.goodreads.com/book/show/320.One_Hundred_Years_of_Solitude
840,https://www.goodreads.com/book/show/21787.The_Princess_Bride
841,https://www.goodreads.com/book/show/5107.The_Catcher_in_the_Rye
842,https://www.goodreads.com/book/show/2998.The_Secret_Garden
843,https://www.goodreads.com/book/show/128029.A_Thousand_Splendid_Suns
844,https://www.goodreads.com/book/show/28187.The_Lightning_Thief
845,https://www.goodreads.com/book/show/33574273-a-wrinkle-in-time
846,https://www.goodreads.com/book/show/13496.A_Game_of_Thrones
847,https://www.goodreads.com/book/show/2956.The_Adventures_of_Huckleberry_Finn
848,https://www.goodreads.com/book/show/12232938-the-lovely-bones
849,https://www.goodreads.com/book/show/231804.The_Outsiders
850,https://www.goodreads.com/book/show/19543.Where_the_Wild_Things_Are
851,https://www.goodreads.com/book/show/23772.Green_Eggs_and_Ham
852,https://www.goodreads.com/book/show/1381.The_Odyssey
853,https://www.goodreads.com/book/show/4214.Life_of_Pi
854,https://www.goodreads.com/book/show/1953.A_Tale_of_Two_Cities
855,https://www.goodreads.com/book/show/43641.Water_for_Elephants
856,https://www.goodreads.com/book/show/7604.Lolita
857,https://www.goodreads.com/book/show/4981.Slaughterhouse_Five
858,https://www.goodreads.com/book/show/35031085-frankenstein
859,https://www.goodreads.com/book/show/77203.The_Kite_Runner
860,https://www.goodreads.com/book/show/38447.The_Handmaid_s_Tale
861,https://www.goodreads.com/book/show/3636.The_Giver
862,https://www.goodreads.com/book/show/168668.Catch_22
863,https://www.goodreads.com/book/show/44767458-dune
864,https://www.goodreads.com/book/show/5043.The_Pillars_of_the_Earth
865,https://www.goodreads.com/book/show/149267.The_Stand
866,https://www.goodreads.com/book/show/3590.The_Adventures_of_Sherlock_Holmes
867,https://www.goodreads.com/book/show/76620.Watership_Down
868,https://www.goodreads.com/book/show/2623.Great_Expectations
869,https://www.goodreads.com/book/show/332613.One_Flew_Over_the_Cuckoo_s_Nest
870,https://www.goodreads.com/book/show/6514.The_Bell_Jar
871,https://www.goodreads.com/book/show/15823480-anna-karenina
872,https://www.goodreads.com/book/show/1934.Little_Women
873,https://www.goodreads.com/book/show/10917.My_Sister_s_Keeper
874,https://www.goodreads.com/book/show/10964.Outlander
875,https://www.goodreads.com/book/show/2429135.The_Girl_with_the_Dragon_Tattoo
876,https://www.goodreads.com/book/show/136251.Harry_Potter_and_the_Deathly_Hallows
877,https://www.goodreads.com/book/show/39988.Matilda
878,https://www.goodreads.com/book/show/34.The_Fellowship_of_the_Ring
879,https://www.goodreads.com/book/show/17899948-rebecca
880,https://www.goodreads.com/book/show/52892857-the-color-purple
881,https://www.goodreads.com/book/show/14891.A_Tree_Grows_in_Brooklyn
882,https://www.goodreads.com/book/show/40961427-1984
883,https://www.goodreads.com/book/show/41817486-a-clockwork-orange
884,https://www.goodreads.com/book/show/6288.The_Road
885,https://www.goodreads.com/book/show/4934.The_Brothers_Karamazov
886,https://www.goodreads.com/book/show/252577.Angela_s_Ashes
887,https://www.goodreads.com/book/show/345627.Vampire_Academy
888,https://www.goodreads.com/book/show/7244.The_Poisonwood_Bible
889,https://www.goodreads.com/book/show/52036.Siddhartha
890,https://www.goodreads.com/book/show/119322.The_Golden_Compass
891,https://www.goodreads.com/book/show/3836.Don_Quixote
892,https://www.goodreads.com/book/show/662.Atlas_Shrugged
893,https://www.goodreads.com/book/show/2165.The_Old_Man_and_the_Sea
894,https://www.goodreads.com/book/show/5.Harry_Potter_and_the_Prisoner_of_Azkaban
895,https://www.goodreads.com/book/show/33648131-the-notebook
896,https://www.goodreads.com/book/show/99107.Winnie_the_Pooh
897,https://www.goodreads.com/book/show/23919.The_Complete_Stories_and_Poems
898,https://www.goodreads.com/book/show/4473.A_Prayer_for_Owen_Meany
899,https://www.goodreads.com/book/show/43763.Interview_with_the_Vampire
